,discourse_type,discourse_effectiveness,top100_word_prob
0,Claim,Adequate,"[('you', 0.028427), ('student', 0.02302), ('elector', 0.018836), ('if', 0.017166), ('would', 0.016701), ('we', 0.01467), ('i', 0.014394), ('help', 0.01343), ('colleg', 0.012758), ('their', 0.012328), ('will', 0.011415), ('should', 0.010623), ('think', 0.008953), ('presid', 0.008523), ('some', 0.008316), ('but', 0.008247), ('vote', 0.007559), ('venu', 0.0073), ('about', 0.006801), ('phone', 0.006353), ('commun', 0.005785), ('good', 0.005561), ('state', 0.004838), ('learn', 0.004804), ('it', 0.004425), ('elect', 0.004425), ('realli', 0.004287), ('anoth', 0.004218), ('kid', 0.004201), ('say', 0.004201), ('thing', 0.004184), ('teacher', 0.004098), ('feel', 0.004012), ('candid', 0.003581), ('may', 0.003547), ('popular', 0.003512), ('car', 0.003495), ('veri', 0.003409), ('voter', 0.003357), ('idea', 0.00334), ('servic', 0.003323), ('keep', 0.003289), ('activ', 0.003289), ('use', 0.00322), ('might', 0.003185), ('first', 0.003134), ('unfair', 0.003134), ('class', 0.003116), ('be', 0.003116), ('earth', 0.002996), ('project', 0.002944), ('chang', 0.002927), ('human', 0.002893), ('onlin', 0.002824), ('problem', 0.002807), ('go', 0.002772), ('comput', 0.002755), ('new', 0.002738), ('life', 0.002703), ('studi', 0.002565), ('cell', 0.002548), ('allow', 0.002514), ('much', 0.002497), ('opinion', 0.002462), ('been', 0.002445), ('look', 0.002376), ('which', 0.002376), ('author', 0.002324), ('tell', 0.002307), ('everyon', 0.002307), ('let', 0.002307), ('choos', 0.002256), ('landform', 0.002187), ('friend', 0.002187), ('actual', 0.002169), ('doe', 0.002169), ('dont', 0.002152), ('danger', 0.002135), ('fair', 0.002135), ('right', 0.002083), ('these', 0.002066), ('believ', 0.002066), ('place', 0.002066), ('while', 0.002049), ('nasa', 0.002032), ('dure', 0.00198), ('tri', 0.001963), ('off', 0.001963), ('own', 0.001946), ('he', 0.001946), ('still', 0.001911), ('reason', 0.001842), ('world', 0.001825), ('less', 0.001825), ('best', 0.001808), ('had', 0.001808), ('benefit', 0.001808), ('second', 0.001791), ('pick', 0.001791), ('sport', 0.001756)]"
1,Claim,Effective,"[('student', 0.040019), ('their', 0.021628), ('you', 0.018149), ('would', 0.017998), ('will', 0.016032), ('project', 0.012463), ('learn', 0.012402), ('help', 0.011918), ('elector', 0.011706), ('if', 0.011374), ('colleg', 0.008228), ('should', 0.008046), ('teacher', 0.00729), ('commun', 0.006473), ('we', 0.006473), ('allow', 0.006322), ('car', 0.006292), ('but', 0.005868), ('some', 0.005445), ('i', 0.005233), ('may', 0.005173), ('vote', 0.005173), ('onlin', 0.004991), ('activ', 0.00487), ('be', 0.004719), ('own', 0.004689), ('presid', 0.004537), ('class', 0.004507), ('design', 0.004295), ('servic', 0.004265), ('which', 0.004084), ('opinion', 0.004023), ('anoth', 0.003993), ('state', 0.003902), ('about', 0.003842), ('good', 0.0036), ('elect', 0.003569), ('new', 0.003448), ('these', 0.003448), ('idea', 0.003327), ('think', 0.003237), ('while', 0.003146), ('benefit', 0.003146), ('ask', 0.003116), ('advic', 0.003055), ('less', 0.003025), ('give', 0.003025), ('phone', 0.003025), ('educ', 0.002934), ('veri', 0.002904), ('problem', 0.002904), ('venu', 0.002904), ('environ', 0.002843), ('experi', 0.002843), ('life', 0.002813), ('doe', 0.002662), ('school', 0.002662), ('thing', 0.002632), ('use', 0.002601), ('feel', 0.002571), ('kid', 0.002571), ('assign', 0.002541), ('interest', 0.002541), ('candid', 0.002511), ('much', 0.00248), ('multipl', 0.00248), ('popular', 0.00248), ('voter', 0.00245), ('year', 0.00242), ('first', 0.00239), ('becom', 0.002359), ('skill', 0.002359), ('provid', 0.002299), ('human', 0.002269), ('well', 0.002238), ('choos', 0.002208), ('come', 0.002208), ('choic', 0.002178), ('decis', 0.002178), ('option', 0.002148), ('classroom', 0.002148), ('still', 0.002148), ('requir', 0.002117), ('those', 0.002117), ('go', 0.002027), ('topic', 0.001996), ('extracurricular', 0.001996), ('keep', 0.001966), ('chang', 0.001966), ('best', 0.001936), ('themselv', 0.001936), ('opportun', 0.001936), ('chanc', 0.001936), ('possibl', 0.001906), ('distract', 0.001906), ('benefici', 0.001906), ('stress', 0.001875), ('creativ', 0.001875), ('live', 0.001875), ('social', 0.001875)]"
2,Claim,Ineffective,"[('i', 0.02422), ('we', 0.022411), ('elector', 0.021467), ('you', 0.020917), ('if', 0.018165), ('would', 0.015963), ('think', 0.015491), ('colleg', 0.014312), ('presid', 0.014154), ('venu', 0.013053), ('vote', 0.012896), ('should', 0.011874), ('but', 0.011088), ('student', 0.010537), ('help', 0.009751), ('about', 0.009672), ('will', 0.008257), ('their', 0.007706), ('some', 0.007156), ('good', 0.006684), ('feel', 0.006527), ('it', 0.006448), ('say', 0.00574), ('look', 0.005426), ('state', 0.005347), ('popular', 0.004561), ('first', 0.004404), ('candid', 0.004246), ('thing', 0.004168), ('go', 0.004168), ('idea', 0.004089), ('keep', 0.003932), ('dont', 0.003932), ('alien', 0.003853), ('earth', 0.003774), ('veri', 0.003774), ('realli', 0.003774), ('comput', 0.003774), ('elect', 0.003774), ('he', 0.003696), ('right', 0.003539), ('anoth', 0.00346), ('chang', 0.00346), ('human', 0.003381), ('tell', 0.003303), ('learn', 0.003303), ('believ', 0.003303), ('nasa', 0.003145), ('studi', 0.003067), ('new', 0.003067), ('tri', 0.003067), ('life', 0.002988), ('be', 0.002988), ('commun', 0.002988), ('choos', 0.002988), ('author', 0.002909), ('might', 0.002752), ('class', 0.002752), ('made', 0.002674), ('use', 0.002595), ('kid', 0.002595), ('phone', 0.002516), ('doe', 0.002438), ('talk', 0.002438), ('much', 0.002438), ('everyon', 0.002438), ('reason', 0.002438), ('citizen', 0.002438), ('read', 0.002359), ('onlin', 0.002359), ('process', 0.00228), ('show', 0.00228), ('too', 0.002202), ('mean', 0.002202), ('place', 0.002202), ('second', 0.002202), ('off', 0.002045), ('express', 0.002045), ('may', 0.002045), ('which', 0.001966), ('world', 0.001966), ('big', 0.001966), ('actual', 0.001966), ('facial', 0.001887), ('teacher', 0.001887), ('come', 0.001887), ('car', 0.001887), ('me', 0.001887), ('had', 0.001809), ('live', 0.001809), ('last', 0.001809), ('those', 0.001809), ('best', 0.00173), ('form', 0.00173), ('danger', 0.00173), ('these', 0.00173), ('run', 0.00173), ('pick', 0.00173), ('happi', 0.001651), ('articl', 0.001651)]"
3,Concluding Statement,Adequate,"[('you', 0.03144), ('i', 0.028816), ('student', 0.020121), ('we', 0.01843), ('should', 0.018235), ('will', 0.015308), ('would', 0.014896), ('if', 0.013378), ('elector', 0.012966), ('think', 0.012793), ('but', 0.012576), ('help', 0.011015), ('colleg', 0.010147), ('their', 0.009258), ('about', 0.007524), ('conclus', 0.007285), ('venu', 0.00683), ('good', 0.006765), ('some', 0.006331), ('learn', 0.005984), ('presid', 0.005204), ('vote', 0.00516), ('these', 0.004879), ('believ', 0.004683), ('car', 0.004683), ('idea', 0.004662), ('life', 0.00464), ('chang', 0.004618), ('thing', 0.004423), ('project', 0.004402), ('commun', 0.004293), ('opinion', 0.004228), ('it', 0.00412), ('keep', 0.004076), ('realli', 0.004076), ('say', 0.004033), ('teacher', 0.004011), ('reason', 0.00399), ('activ', 0.003968), ('popular', 0.003946), ('veri', 0.003925), ('phone', 0.003773), ('feel', 0.003708), ('new', 0.003621), ('best', 0.003448), ('ask', 0.003209), ('great', 0.003122), ('tri', 0.003101), ('may', 0.003057), ('use', 0.003057), ('go', 0.002971), ('advic', 0.002905), ('studi', 0.002884), ('danger', 0.002862), ('be', 0.002819), ('elect', 0.002797), ('landform', 0.002754), ('might', 0.002732), ('onlin', 0.002732), ('kid', 0.002689), ('human', 0.002689), ('hope', 0.002667), ('everyon', 0.002645), ('class', 0.002645), ('world', 0.00258), ('futur', 0.002559), ('alien', 0.002537), ('choic', 0.002515), ('state', 0.002493), ('servic', 0.002472), ('look', 0.002428), ('live', 0.002428), ('benefit', 0.002363), ('natur', 0.002342), ('right', 0.002342), ('let', 0.00232), ('much', 0.002255), ('school', 0.002255), ('comput', 0.002212), ('earth', 0.00219), ('bad', 0.002168), ('problem', 0.002147), ('author', 0.002125), ('those', 0.002125), ('come', 0.002103), ('made', 0.002082), ('read', 0.002038), ('while', 0.002038), ('place', 0.002016), ('own', 0.002016), ('me', 0.001995), ('doe', 0.001951), ('still', 0.001951), ('dont', 0.001951), ('multipl', 0.001951), ('choos', 0.001951), ('allow', 0.001886), ('extracurricular', 0.001865), ('well', 0.001865), ('been', 0.001843)]"
4,Concluding Statement,Effective,"[('student', 0.034797), ('you', 0.018597), ('their', 0.017505), ('would', 0.015747), ('will', 0.014867), ('should', 0.014334), ('learn', 0.012523), ('project', 0.01119), ('help', 0.010338), ('i', 0.009459), ('but', 0.008526), ('if', 0.008499), ('teacher', 0.00778), ('elector', 0.00778), ('we', 0.00738), ('colleg', 0.007007), ('onlin', 0.005515), ('car', 0.005462), ('benefit', 0.005302), ('educ', 0.005116), ('opinion', 0.004902), ('life', 0.004609), ('best', 0.004556), ('allow', 0.004529), ('idea', 0.004476), ('advic', 0.00445), ('about', 0.004423), ('these', 0.004423), ('be', 0.00429), ('may', 0.00429), ('school', 0.004156), ('think', 0.004103), ('new', 0.00389), ('choic', 0.00389), ('vote', 0.00389), ('some', 0.003863), ('ask', 0.003863), ('while', 0.003837), ('decis', 0.00381), ('venu', 0.00381), ('chang', 0.003757), ('class', 0.003704), ('veri', 0.003624), ('conclus', 0.003597), ('activ', 0.00349), ('good', 0.00349), ('design', 0.003464), ('commun', 0.003304), ('futur', 0.003277), ('well', 0.003171), ('multipl', 0.003117), ('year', 0.002931), ('own', 0.002851), ('right', 0.002851), ('which', 0.002798), ('world', 0.002771), ('come', 0.002691), ('use', 0.002611), ('assign', 0.002611), ('believ', 0.002611), ('state', 0.002611), ('doe', 0.002558), ('benefici', 0.002558), ('presid', 0.002558), ('popular', 0.002558), ('problem', 0.002505), ('elect', 0.002478), ('experi', 0.002425), ('thing', 0.002345), ('interest', 0.002291), ('feel', 0.002291), ('still', 0.002265), ('alway', 0.002238), ('need', 0.002238), ('live', 0.002211), ('student-design', 0.002185), ('go', 0.002158), ('phone', 0.002158), ('keep', 0.002105), ('much', 0.002105), ('danger', 0.002105), ('classroom', 0.002105), ('author', 0.002105), ('way', 0.002105), ('been', 0.002105), ('tri', 0.002078), ('requir', 0.002052), ('great', 0.002052), ('option', 0.002052), ('reason', 0.002025), ('provid', 0.001998), ('give', 0.001972), ('everyon', 0.001972), ('skill', 0.001972), ('becom', 0.001945), ('servic', 0.001945), ('stress', 0.001918), ('through', 0.001918), ('support', 0.001918), ('less', 0.001892)]"
5,Concluding Statement,Ineffective,"[('i', 0.044127), ('you', 0.033799), ('we', 0.023576), ('think', 0.019195), ('should', 0.018986), ('but', 0.017317), ('if', 0.016169), ('about', 0.0145), ('will', 0.012623), ('elector', 0.011266), ('venu', 0.011162), ('would', 0.011162), ('colleg', 0.009284), ('student', 0.008033), ('conclus', 0.00772), ('help', 0.006989), ('good', 0.006781), ('some', 0.006155), ('their', 0.005842), ('say', 0.005633), ('it', 0.005425), ('realli', 0.005007), ('commun', 0.004903), ('presid', 0.004903), ('chang', 0.00459), ('danger', 0.004486), ('life', 0.004486), ('let', 0.004486), ('thing', 0.004486), ('opinion', 0.004486), ('these', 0.004277), ('vote', 0.004277), ('keep', 0.004173), ('tell', 0.004068), ('feel', 0.004068), ('tri', 0.004068), ('human', 0.003964), ('veri', 0.003964), ('believ', 0.00386), ('alien', 0.003755), ('me', 0.003755), ('earth', 0.003651), ('live', 0.003651), ('hope', 0.003651), ('reason', 0.003443), ('come', 0.003338), ('go', 0.003338), ('look', 0.00313), ('comput', 0.00313), ('idea', 0.00313), ('studi', 0.00313), ('read', 0.00313), ('well', 0.00313), ('he', 0.00313), ('servic', 0.00313), ('smile', 0.003025), ('phone', 0.003025), ('right', 0.003025), ('dont', 0.002921), ('everyon', 0.002921), ('bad', 0.002817), ('mayb', 0.002817), ('learn', 0.002712), ('elect', 0.002712), ('still', 0.002608), ('those', 0.002504), ('said', 0.002504), ('put', 0.002295), ('limit', 0.002295), ('world', 0.002295), ('may', 0.002295), ('activ', 0.002191), ('new', 0.002191), ('express', 0.002191), ('stori', 0.002191), ('might', 0.002191), ('that', 0.002191), ('popular', 0.002191), ('explor', 0.002086), ('use', 0.002086), ('best', 0.002086), ('state', 0.002086), ('real', 0.001982), ('back', 0.001982), ('great', 0.001982), ('choos', 0.001982), ('be', 0.001982), ('hard', 0.001878), ('happi', 0.001878), ('mean', 0.001878), ('happen', 0.001878), ('nasa', 0.001878), ('alot', 0.001878), ('kid', 0.001878), ('polici', 0.001878), ('challeng', 0.001773), ('sure', 0.001773), ('been', 0.001773), ('never', 0.001773), ('talk', 0.001669)]"
6,Counterclaim,Adequate,"[('some', 0.028248), ('elector', 0.025795), ('student', 0.024134), ('you', 0.020494), ('colleg', 0.019465), ('i', 0.014876), ('would', 0.014876), ('may', 0.014797), ('their', 0.013451), ('say', 0.012423), ('but', 0.012106), ('think', 0.011948), ('if', 0.010445), ('might', 0.009337), ('will', 0.00902), ('vote', 0.008229), ('we', 0.007438), ('presid', 0.007201), ('good', 0.006726), ('about', 0.006093), ('should', 0.005855), ('elect', 0.005855), ('help', 0.005697), ('learn', 0.005618), ('it', 0.005539), ('onlin', 0.00546), ('phone', 0.005381), ('believ', 0.005301), ('argu', 0.005301), ('class', 0.005222), ('although', 0.005143), ('teacher', 0.004906), ('state', 0.004827), ('still', 0.004748), ('commun', 0.004431), ('though', 0.004273), ('candid', 0.004273), ('alien', 0.004035), ('life', 0.003956), ('bad', 0.003719), ('project', 0.003719), ('popular', 0.00364), ('problem', 0.003561), ('voter', 0.003561), ('doe', 0.003482), ('idea', 0.003482), ('car', 0.003402), ('be', 0.003323), ('servic', 0.003165), ('use', 0.003086), ('go', 0.003007), ('keep', 0.002928), ('feel', 0.002928), ('anoth', 0.002928), ('method', 0.002849), ('unfair', 0.002849), ('reason', 0.002769), ('these', 0.00269), ('while', 0.00269), ('veri', 0.00269), ('which', 0.00269), ('kid', 0.00269), ('howev', 0.002611), ('thing', 0.002611), ('realli', 0.002453), ('agre', 0.002453), ('ye', 0.002453), ('much', 0.002453), ('wrong', 0.002453), ('possibl', 0.002374), ('great', 0.002374), ('understand', 0.002374), ('avoid', 0.002374), ('dont', 0.002295), ('cell', 0.002295), ('mayb', 0.002216), ('major', 0.002216), ('best', 0.002216), ('hand', 0.002136), ('stay', 0.002136), ('chang', 0.002136), ('tri', 0.002057), ('well', 0.002057), ('sometim', 0.002057), ('off', 0.002057), ('allow', 0.002057), ('thought', 0.001978), ('own', 0.001978), ('select', 0.001978), ('design', 0.001978), ('too', 0.001978), ('actual', 0.001978), ('benefit', 0.001978), ('receiv', 0.001899), ('look', 0.001899), ('made', 0.00182), ('he', 0.00182), ('those', 0.00182), ('activ', 0.00182), ('argument', 0.00182)]"
7,Counterclaim,Effective,"[('student', 0.039656), ('some', 0.025004), ('may', 0.022297), ('project', 0.020385), ('their', 0.016882), ('would', 0.016085), ('elector', 0.016085), ('teacher', 0.014174), ('learn', 0.014174), ('say', 0.012104), ('argu', 0.012104), ('colleg', 0.011785), ('will', 0.011626), ('state', 0.009237), ('design', 0.008919), ('might', 0.008759), ('if', 0.008441), ('should', 0.007645), ('you', 0.006848), ('i', 0.00637), ('onlin', 0.005733), ('vote', 0.005574), ('think', 0.005256), ('although', 0.005256), ('elect', 0.005256), ('assign', 0.005096), ('believ', 0.004937), ('own', 0.004778), ('these', 0.004778), ('car', 0.004778), ('howev', 0.004459), ('understand', 0.0043), ('which', 0.0043), ('doe', 0.004141), ('help', 0.004141), ('candid', 0.004141), ('but', 0.003822), ('allow', 0.003822), ('student-design', 0.003822), ('problem', 0.003663), ('while', 0.003504), ('benefit', 0.003504), ('claim', 0.003504), ('possibl', 0.003504), ('commun', 0.003504), ('less', 0.003344), ('good', 0.003344), ('be', 0.003344), ('voter', 0.003344), ('presid', 0.003344), ('class', 0.003344), ('benefici', 0.003185), ('much', 0.003185), ('hand', 0.003026), ('sourc', 0.002867), ('such', 0.002867), ('popular', 0.002867), ('teacher-design', 0.002707), ('chanc', 0.002707), ('educ', 0.002707), ('idea', 0.002548), ('it', 0.002548), ('school', 0.002548), ('provid', 0.002548), ('dure', 0.002389), ('activ', 0.002389), ('themselv', 0.002389), ('those', 0.002389), ('we', 0.002389), ('he', 0.002389), ('year', 0.00223), ('particip', 0.00223), ('receiv', 0.00223), ('keep', 0.00223), ('still', 0.00223), ('about', 0.00223), ('win', 0.00223), ('swing', 0.00223), ('inform', 0.00207), ('too', 0.00207), ('go', 0.00207), ('best', 0.00207), ('argument', 0.00207), ('major', 0.00207), ('servic', 0.00207), ('support', 0.001911), ('focu', 0.001752), ('off', 0.001752), ('feel', 0.001752), ('true', 0.001752), ('kid', 0.001752), ('due', 0.001752), ('veri', 0.001752), ('avoid', 0.001752), ('made', 0.001593), ('lack', 0.001593), ('topic', 0.001593), ('cours', 0.001593), ('human', 0.001593), ('agre', 0.001593)]"
8,Counterclaim,Ineffective,"[('elector', 0.036567), ('some', 0.026409), ('colleg', 0.02387), ('i', 0.023362), ('you', 0.021331), ('say', 0.018283), ('think', 0.018283), ('but', 0.015744), ('vote', 0.015744), ('would', 0.014728), ('if', 0.013713), ('student', 0.012697), ('presid', 0.012189), ('good', 0.010665), ('might', 0.010157), ('should', 0.010157), ('state', 0.010157), ('may', 0.009142), ('their', 0.008634), ('will', 0.008634), ('we', 0.008126), ('look', 0.007618), ('alien', 0.007618), ('popular', 0.007618), ('elect', 0.007618), ('candid', 0.007618), ('help', 0.00711), ('believ', 0.006602), ('about', 0.006602), ('it', 0.006602), ('realli', 0.006094), ('dont', 0.005587), ('hand', 0.005079), ('teacher', 0.005079), ('though', 0.005079), ('chang', 0.005079), ('ye', 0.005079), ('which', 0.004571), ('benefit', 0.004571), ('made', 0.004571), ('class', 0.004571), ('human', 0.004063), ('wrong', 0.004063), ('doe', 0.004063), ('best', 0.004063), ('go', 0.004063), ('method', 0.004063), ('keep', 0.004063), ('choos', 0.004063), ('idea', 0.003555), ('problem', 0.003555), ('everyon', 0.003555), ('mayb', 0.003555), ('understand', 0.003555), ('win', 0.003555), ('onlin', 0.003555), ('mean', 0.003047), ('world', 0.003047), ('tri', 0.003047), ('thing', 0.003047), ('phone', 0.003047), ('life', 0.003047), ('learn', 0.003047), ('sourc', 0.003047), ('defens', 0.003047), ('still', 0.003047), ('sure', 0.002539), ('anoth', 0.002539), ('use', 0.002539), ('side', 0.002539), ('that', 0.002539), ('reason', 0.002539), ('possibl', 0.002539), ('govern', 0.002539), ('argu', 0.002539), ('like', 0.002031), ('ca', 0.002031), ('anyth', 0.002031), ('these', 0.002031), ('be', 0.002031), ('creat', 0.002031), ('veri', 0.002031), ('great', 0.002031), ('bad', 0.002031), ('stay', 0.002031), ('well', 0.002031), ('thought', 0.002031), ('run', 0.002031), ('project', 0.002031), ('year', 0.002031), ('although', 0.002031), ('everyth', 0.002031), ('collag', 0.002031), ('got', 0.002031), ('select', 0.002031), ('requir', 0.002031), ('happen', 0.002031), ('sometim', 0.002031), ('polit', 0.002031), ('avoid', 0.002031)]"
9,Evidence,Adequate,"[('you', 0.028347), ('if', 0.016407), ('would', 0.014706), ('student', 0.014139), ('i', 0.013121), ('elector', 0.012624), ('we', 0.011332), ('but', 0.011022), ('their', 0.010467), ('will', 0.010157), ('help', 0.007923), ('vote', 0.00704), ('some', 0.006882), ('presid', 0.00666), ('about', 0.006204), ('state', 0.00614), ('venu', 0.005812), ('colleg', 0.005754), ('should', 0.005531), ('say', 0.005298), ('think', 0.005052), ('teacher', 0.004268), ('good', 0.004134), ('car', 0.004052), ('candid', 0.003947), ('he', 0.003888), ('phone', 0.003795), ('elect', 0.003701), ('had', 0.003508), ('learn', 0.003467), ('thing', 0.00345), ('exampl', 0.003391), ('feel', 0.003321), ('go', 0.003304), ('which', 0.003298), ('it', 0.003263), ('friend', 0.003163), ('project', 0.00314), ('look', 0.003122), ('might', 0.003011), ('human', 0.002994), ('kid', 0.002941), ('may', 0.0029), ('be', 0.002813), ('these', 0.002766), ('veri', 0.002766), ('much', 0.002701), ('commun', 0.00269), ('new', 0.002666), ('realli', 0.002649), ('comput', 0.00262), ('life', 0.002584), ('popular', 0.002462), ('use', 0.002432), ('earth', 0.002427), ('tri', 0.002421), ('been', 0.002362), ('voter', 0.002339), ('tell', 0.002245), ('happen', 0.002222), ('year', 0.002169), ('ask', 0.002163), ('paragraph', 0.002128), ('come', 0.002111), ('doe', 0.002105), ('play', 0.00207), ('anoth', 0.002052), ('own', 0.002052), ('mean', 0.002029), ('said', 0.002017), ('talk', 0.002006), ('dont', 0.001982), ('win', 0.001976), ('activ', 0.001965), ('percent', 0.001959), ('chang', 0.00193), ('studi', 0.001883), ('hi', 0.001871), ('text', 0.001871), ('me', 0.001854), ('while', 0.001818), ('keep', 0.001813), ('still', 0.001807), ('driver', 0.001795), ('place', 0.001789), ('class', 0.001783), ('well', 0.001766), ('problem', 0.001766), ('allow', 0.001766), ('idea', 0.001754), ('right', 0.001748), ('those', 0.001719), ('made', 0.001719), ('bad', 0.001719), ('everyon', 0.001702), ('dure', 0.001684), ('first', 0.001666), ('live', 0.001661), ('let', 0.001661), ('call', 0.001643)]"
10,Evidence,Effective,"[('student', 0.02783), ('you', 0.018545), ('their', 0.017923), ('would', 0.015822), ('if', 0.01299), ('i', 0.012212), ('will', 0.010733), ('project', 0.008033), ('but', 0.007926), ('teacher', 0.00777), ('help', 0.007614), ('learn', 0.007483), ('elector', 0.006525), ('about', 0.005878), ('may', 0.005016), ('we', 0.004992), ('state', 0.004609), ('some', 0.004555), ('these', 0.004442), ('which', 0.004388), ('exampl', 0.003969), ('had', 0.003909), ('colleg', 0.003903), ('friend', 0.003831), ('should', 0.003753), ('ask', 0.003741), ('onlin', 0.003699), ('he', 0.003664), ('vote', 0.00349), ('activ', 0.00334), ('while', 0.003328), ('assign', 0.003298), ('be', 0.003233), ('year', 0.003119), ('she', 0.003065), ('veri', 0.003023), ('say', 0.003011), ('think', 0.003005), ('allow', 0.002975), ('car', 0.002957), ('own', 0.002867), ('candid', 0.002867), ('much', 0.002861), ('her', 0.002814), ('class', 0.002784), ('feel', 0.002766), ('new', 0.00273), ('commun', 0.002658), ('good', 0.002622), ('thing', 0.002592), ('advic', 0.002562), ('me', 0.00255), ('use', 0.002514), ('presid', 0.002502), ('life', 0.002424), ('anoth', 0.002383), ('might', 0.002335), ('opinion', 0.002329), ('driver', 0.002275), ('come', 0.002245), ('idea', 0.002239), ('such', 0.002221), ('been', 0.002215), ('doe', 0.002209), ('go', 0.002209), ('through', 0.002161), ('venu', 0.002155), ('school', 0.002131), ('elect', 0.002095), ('problem', 0.002083), ('kid', 0.002077), ('decis', 0.002071), ('understand', 0.002047), ('those', 0.002041), ('hi', 0.002035), ('best', 0.002023), ('well', 0.001981), ('tri', 0.001981), ('inform', 0.001969), ('experi', 0.001963), ('phone', 0.00194), ('stress', 0.00188), ('choic', 0.001874), ('design', 0.001856), ('educ', 0.001832), ('without', 0.001736), ('human', 0.001736), ('interest', 0.001718), ('still', 0.001712), ('like', 0.001682), ('look', 0.00167), ('becom', 0.001664), ('less', 0.001658), ('requir', 0.001646), ('alway', 0.00164), ('howev', 0.00164), ('generic_nam', 0.00164), ('topic', 0.001634), ('studi', 0.001634), ('skill', 0.001616)]"
11,Evidence,Ineffective,"[('you', 0.021661), ('elector', 0.019952), ('i', 0.014033), ('we', 0.013469), ('if', 0.01302), ('but', 0.012729), ('presid', 0.011733), ('would', 0.011143), ('venu', 0.009258), ('vote', 0.008254), ('colleg', 0.007479), ('will', 0.007259), ('their', 0.006378), ('he', 0.00629), ('some', 0.005999), ('about', 0.00577), ('state', 0.005435), ('think', 0.005382), ('say', 0.005232), ('candid', 0.004995), ('should', 0.004977), ('elect', 0.004898), ('help', 0.004818), ('student', 0.004589), ('it', 0.004493), ('earth', 0.004087), ('human', 0.004079), ('had', 0.003894), ('car', 0.003682), ('go', 0.00348), ('percent', 0.003391), ('look', 0.003303), ('good', 0.003286), ('comput', 0.003215), ('hi', 0.00311), ('thing', 0.00311), ('realli', 0.002977), ('which', 0.002907), ('popular', 0.002845), ('year', 0.002704), ('new', 0.002651), ('dont', 0.002599), ('feel', 0.002555), ('been', 0.002555), ('luke', 0.002458), ('happi', 0.00244), ('life', 0.002422), ('much', 0.002378), ('said', 0.002343), ('veri', 0.002299), ('me', 0.002273), ('world', 0.002246), ('tri', 0.002211), ('these', 0.002202), ('right', 0.002141), ('place', 0.002114), ('exampl', 0.002052), ('may', 0.002052), ('presidenti', 0.002044), ('express', 0.002035), ('happen', 0.002035), ('live', 0.002026), ('tell', 0.002008), ('muscl', 0.002), ('call', 0.002), ('mean', 0.002), ('voter', 0.001991), ('she', 0.001973), ('nasa', 0.001973), ('still', 0.001956), ('be', 0.001947), ('win', 0.001947), ('phone', 0.001929), ('might', 0.00192), ('own', 0.001885), ('use', 0.001876), ('come', 0.001867), ('countri', 0.001867), ('smile', 0.00185), ('first', 0.00185), ('major', 0.001841), ('made', 0.001832), ('got', 0.001823), ('facial', 0.001815), ('chang', 0.001815), ('unit', 0.001797), ('surfac', 0.001735), ('him', 0.001709), ('friend', 0.0017), ('anoth', 0.0017), ('paragraph', 0.0017), ('studi', 0.001682), ('back', 0.001665), ('two', 0.001647), ('talk', 0.00163), ('her', 0.001621), ('show', 0.001594), ('keep', 0.001586), ('select', 0.001586), ('want', 0.001577)]"
12,Lead,Adequate,"[('you', 0.031779), ('i', 0.020241), ('student', 0.019619), ('elector', 0.016239), ('colleg', 0.012199), ('we', 0.011849), ('some', 0.011577), ('but', 0.010761), ('about', 0.010451), ('think', 0.010023), ('if', 0.009635), ('would', 0.009363), ('presid', 0.009363), ('should', 0.008741), ('their', 0.008741), ('venu', 0.008547), ('car', 0.007848), ('learn', 0.007226), ('project', 0.006294), ('been', 0.005711), ('vote', 0.005012), ('will', 0.004973), ('help', 0.004856), ('school', 0.004779), ('new', 0.004662), ('human', 0.004584), ('say', 0.004545), ('alien', 0.004507), ('year', 0.004429), ('elect', 0.004351), ('look', 0.004002), ('class', 0.003807), ('veri', 0.00373), ('be', 0.00373), ('phone', 0.00373), ('feel', 0.00373), ('commun', 0.003652), ('well', 0.003613), ('believ', 0.003613), ('it', 0.003497), ('keep', 0.003497), ('chang', 0.003458), ('good', 0.003458), ('comput', 0.003419), ('articl', 0.003419), ('may', 0.00338), ('state', 0.00338), ('activ', 0.003302), ('use', 0.003263), ('idea', 0.003225), ('read', 0.003186), ('teacher', 0.003186), ('creat', 0.003147), ('ever', 0.003147), ('life', 0.003108), ('tell', 0.003108), ('popular', 0.003108), ('call', 0.00303), ('facial', 0.00303), ('realli', 0.002991), ('onlin', 0.002991), ('nasa', 0.002953), ('author', 0.002953), ('break', 0.002914), ('these', 0.002914), ('earth', 0.002836), ('talk', 0.002836), ('advic', 0.002836), ('process', 0.002797), ('made', 0.00272), ('found', 0.00272), ('opinion', 0.00272), ('thing', 0.002681), ('ask', 0.002681), ('go', 0.002603), ('requir', 0.002603), ('come', 0.002448), ('world', 0.002409), ('had', 0.002409), ('action', 0.002409), ('tri', 0.002409), ('studi', 0.002409), ('dure', 0.002409), ('while', 0.00237), ('unit', 0.00237), ('servic', 0.002292), ('whether', 0.002214), ('everyon', 0.002176), ('doe', 0.002137), ('code', 0.002137), ('right', 0.002137), ('mona', 0.002098), ('lisa', 0.002098), ('danger', 0.002098), ('cell', 0.002059), ('assign', 0.00202), ('today', 0.00202), ('place', 0.001981), ('live', 0.001981), ('sometim', 0.001981)]"
13,Lead,Effective,"[('student', 0.025706), ('you', 0.021899), ('their', 0.015981), ('i', 0.011081), ('learn', 0.011044), ('elector', 0.010064), ('project', 0.009838), ('but', 0.009536), ('some', 0.008782), ('colleg', 0.008556), ('would', 0.007991), ('we', 0.007915), ('should', 0.006257), ('help', 0.00588), ('school', 0.00588), ('if', 0.00588), ('presid', 0.005767), ('teacher', 0.005729), ('ask', 0.005428), ('year', 0.005352), ('been', 0.005051), ('about', 0.004938), ('onlin', 0.0049), ('will', 0.004636), ('educ', 0.004485), ('new', 0.004448), ('these', 0.00441), ('while', 0.004372), ('may', 0.004297), ('howev', 0.004184), ('activ', 0.004184), ('think', 0.004146), ('advic', 0.004071), ('car', 0.003995), ('vote', 0.003995), ('class', 0.003882), ('phone', 0.003807), ('break', 0.003769), ('assign', 0.003769), ('world', 0.003769), ('life', 0.003204), ('use', 0.003204), ('veri', 0.003204), ('be', 0.003128), ('come', 0.003128), ('which', 0.003128), ('state', 0.003128), ('elect', 0.003128), ('opinion', 0.00294), ('commun', 0.002827), ('chang', 0.002676), ('believ', 0.002638), ('whether', 0.002601), ('generic_nam', 0.002563), ('say', 0.002563), ('idea', 0.002563), ('popular', 0.002563), ('such', 0.002488), ('decis', 0.002488), ('me', 0.00245), ('dure', 0.002412), ('own', 0.002337), ('through', 0.002337), ('alway', 0.002299), ('venu', 0.002299), ('look', 0.002299), ('go', 0.002262), ('had', 0.002262), ('allow', 0.002262), ('ever', 0.002224), ('cell', 0.002224), ('he', 0.002186), ('friend', 0.002186), ('she', 0.002186), ('unit', 0.002186), ('question', 0.002148), ('good', 0.002148), ('made', 0.002111), ('requir', 0.002073), ('much', 0.002073), ('choic', 0.002073), ('everyon', 0.002073), ('classroom', 0.002073), ('becom', 0.002073), ('well', 0.002035), ('feel', 0.002035), ('problem', 0.002035), ('offer', 0.001998), ('best', 0.001998), ('human', 0.00196), ('thing', 0.00196), ('place', 0.00196), ('doe', 0.001922), ('countri', 0.001922), ('right', 0.001885), ('back', 0.001885), ('extracurricular', 0.001885), ('option', 0.001885), ('today', 0.001885), ('design', 0.001847)]"
14,Lead,Ineffective,"[('you', 0.033138), ('elector', 0.027127), ('i', 0.023736), ('about', 0.016184), ('presid', 0.015259), ('we', 0.014488), ('colleg', 0.01418), ('venu', 0.012793), ('student', 0.012639), ('but', 0.010943), ('some', 0.009556), ('think', 0.009402), ('would', 0.007552), ('should', 0.007552), ('vote', 0.007398), ('if', 0.007244), ('their', 0.006319), ('elect', 0.006319), ('candid', 0.006165), ('will', 0.005549), ('car', 0.005549), ('it', 0.005395), ('process', 0.00524), ('talk', 0.00524), ('tell', 0.00447), ('earth', 0.00447), ('articl', 0.00447), ('project', 0.004316), ('opinion', 0.004162), ('say', 0.004007), ('thing', 0.004007), ('ask', 0.004007), ('lisa', 0.003853), ('requir', 0.003853), ('mona', 0.003699), ('go', 0.003699), ('found', 0.003699), ('good', 0.003545), ('place', 0.003545), ('he', 0.003391), ('human', 0.003391), ('activ', 0.003391), ('realli', 0.003391), ('state', 0.003237), ('express', 0.003237), ('new', 0.003237), ('nasa', 0.003237), ('ever', 0.003083), ('percent', 0.003083), ('chang', 0.003083), ('learn', 0.003083), ('help', 0.003083), ('alien', 0.003083), ('commun', 0.003083), ('popular', 0.003083), ('read', 0.002928), ('today', 0.002928), ('call', 0.002928), ('phone', 0.002928), ('veri', 0.002774), ('feel', 0.002774), ('smile', 0.002774), ('consist', 0.002774), ('servic', 0.002774), ('been', 0.00262), ('author', 0.00262), ('stori', 0.002466), ('her', 0.002466), ('extracurricular', 0.002466), ('be', 0.002466), ('year', 0.002466), ('own', 0.002466), ('idea', 0.002466), ('these', 0.002466), ('congress', 0.002466), ('advic', 0.002466), ('creat', 0.002312), ('here', 0.002312), ('comput', 0.002312), ('happi', 0.002312), ('constitut', 0.002312), ('she', 0.002158), ('hi', 0.002158), ('look', 0.002158), ('had', 0.002158), ('sometim', 0.002158), ('star', 0.002158), ('sun', 0.002158), ('dont', 0.002158), ('well', 0.002158), ('while', 0.002158), ('which', 0.002158), ('write', 0.002158), ('world', 0.002004), ('first', 0.002004), ('break', 0.002004), ('life', 0.002004), ('whether', 0.002004), ('challeng', 0.002004), ('name', 0.002004)]"
15,Position,Adequate,"[('i', 0.063041), ('should', 0.044313), ('think', 0.029956), ('student', 0.027128), ('elector', 0.023442), ('colleg', 0.020228), ('you', 0.018299), ('we', 0.017785), ('would', 0.016285), ('venu', 0.011014), ('believ', 0.010971), ('idea', 0.009557), ('presid', 0.009471), ('chang', 0.009343), ('keep', 0.009171), ('good', 0.009), ('but', 0.008314), ('popular', 0.008314), ('commun', 0.007714), ('phone', 0.007628), ('if', 0.007328), ('elect', 0.007028), ('opinion', 0.0069), ('car', 0.006686), ('servic', 0.0066), ('project', 0.006428), ('landform', 0.006086), ('help', 0.006043), ('author', 0.006043), ('danger', 0.005914), ('use', 0.005486), ('polici', 0.005486), ('benefit', 0.005357), ('state', 0.005271), ('natur', 0.005186), ('class', 0.005186), ('studi', 0.004971), ('their', 0.004843), ('vote', 0.004714), ('unit', 0.004628), ('some', 0.004543), ('will', 0.004414), ('activ', 0.0042), ('cell', 0.0042), ('it', 0.0042), ('agre', 0.004157), ('read', 0.004071), ('worthi', 0.004071), ('veri', 0.004028), ('about', 0.003986), ('say', 0.003943), ('reason', 0.003857), ('particip', 0.003686), ('pursuit', 0.003686), ('despit', 0.003686), ('dure', 0.003557), ('classroom', 0.003471), ('be', 0.003471), ('great', 0.003343), ('feel', 0.003257), ('express', 0.003257), ('explor', 0.003214), ('alien', 0.003128), ('requir', 0.003128), ('allow', 0.003086), ('valuabl', 0.003043), ('design', 0.003043), ('multipl', 0.002957), ('onlin', 0.002914), ('extracurricular', 0.002828), ('program', 0.002786), ('cowboy', 0.002786), ('these', 0.002743), ('well', 0.002657), ('facial', 0.002657), ('learn', 0.002657), ('seat', 0.002657), ('support', 0.002657), ('choic', 0.002657), ('action', 0.002571), ('favor', 0.002571), ('ask', 0.002528), ('teacher', 0.002443), ('realli', 0.002443), ('free', 0.0024), ('bad', 0.002357), ('new', 0.002271), ('while', 0.002229), ('right', 0.002229), ('person', 0.002229), ('challeng', 0.002229), ('code', 0.002229), ('tell', 0.002186), ('me', 0.002143), ('ye', 0.0021), ('limit', 0.002057), ('creat', 0.002057), ('student-design', 0.002014), ('join', 0.002014), ('thing', 0.002014)]"
16,Position,Effective,"[('student', 0.034991), ('should', 0.034264), ('i', 0.030319), ('elector', 0.016509), ('would', 0.016094), ('colleg', 0.015367), ('think', 0.014952), ('you', 0.014433), ('commun', 0.012356), ('we', 0.011214), ('help', 0.010798), ('believ', 0.010487), ('their', 0.010279), ('servic', 0.010175), ('project', 0.008826), ('idea', 0.00841), ('learn', 0.008307), ('chang', 0.008099), ('opinion', 0.008099), ('but', 0.007995), ('will', 0.007684), ('popular', 0.007476), ('benefit', 0.007268), ('activ', 0.006645), ('if', 0.006541), ('multipl', 0.006438), ('presid', 0.006334), ('car', 0.005711), ('vote', 0.005711), ('elect', 0.005607), ('ask', 0.005295), ('good', 0.005192), ('advic', 0.005088), ('venu', 0.004984), ('choic', 0.004984), ('some', 0.004984), ('design', 0.004569), ('requir', 0.004569), ('keep', 0.004465), ('veri', 0.004361), ('while', 0.004361), ('be', 0.004257), ('use', 0.004153), ('author', 0.004153), ('class', 0.004153), ('decis', 0.004049), ('particip', 0.003946), ('onlin', 0.003946), ('teacher', 0.003842), ('educ', 0.003842), ('although', 0.003738), ('reason', 0.003634), ('extracurricular', 0.003634), ('may', 0.003634), ('allow', 0.003634), ('about', 0.00353), ('benefici', 0.00353), ('school', 0.003426), ('best', 0.003115), ('process', 0.003115), ('seek', 0.003115), ('state', 0.003011), ('support', 0.002907), ('these', 0.002907), ('averag', 0.002907), ('danger', 0.002803), ('great', 0.002803), ('own', 0.0027), ('doe', 0.0027), ('much', 0.0027), ('phone', 0.0027), ('unfair', 0.0027), ('well', 0.002596), ('classroom', 0.002596), ('new', 0.002596), ('unit', 0.002596), ('countri', 0.002596), ('explor', 0.002492), ('it', 0.002388), ('year', 0.002388), ('choos', 0.002284), ('must', 0.002284), ('sport', 0.002284), ('give', 0.00218), ('need', 0.00218), ('least', 0.00218), ('right', 0.00218), ('polici', 0.00218), ('world', 0.002077), ('life', 0.002077), ('forc', 0.002077), ('howev', 0.002077), ('perform', 0.002077), ('agre', 0.001973), ('way', 0.001973), ('provid', 0.001973), ('develop', 0.001973), ('futur', 0.001973), ('assign', 0.001973), ('studi', 0.001973)]"
17,Position,Ineffective,"[('i', 0.057244), ('think', 0.025294), ('venu', 0.02485), ('you', 0.023519), ('we', 0.020413), ('should', 0.020413), ('but', 0.016419), ('would', 0.015531), ('good', 0.013091), ('if', 0.012425), ('author', 0.010872), ('elector', 0.010872), ('about', 0.010206), ('some', 0.009763), ('idea', 0.009541), ('colleg', 0.009319), ('student', 0.009097), ('car', 0.008653), ('studi', 0.008431), ('limit', 0.007322), ('explor', 0.006878), ('chang', 0.006434), ('usag', 0.006213), ('help', 0.006213), ('bad', 0.005991), ('danger', 0.005991), ('presid', 0.005991), ('say', 0.005769), ('will', 0.005769), ('believ', 0.005547), ('human', 0.005325), ('advantag', 0.005325), ('feel', 0.005103), ('challeng', 0.004881), ('thing', 0.004881), ('commun', 0.004881), ('it', 0.004659), ('opinion', 0.004659), ('go', 0.004659), ('veri', 0.004438), ('keep', 0.004438), ('comput', 0.004438), ('tell', 0.004216), ('vote', 0.004216), ('tri', 0.003994), ('doe', 0.003994), ('well', 0.003994), ('use', 0.003994), ('their', 0.003772), ('earth', 0.003772), ('right', 0.003772), ('realli', 0.00355), ('dont', 0.00355), ('articl', 0.003328), ('world', 0.003328), ('worthi', 0.003328), ('pursuit', 0.003106), ('support', 0.003106), ('suggest', 0.003106), ('alien', 0.003106), ('life', 0.003106), ('agre', 0.003106), ('be', 0.003106), ('servic', 0.003106), ('may', 0.002884), ('he', 0.002884), ('both', 0.002884), ('live', 0.002663), ('land', 0.002663), ('phone', 0.002663), ('benefit', 0.002663), ('still', 0.002441), ('disagre', 0.002441), ('reason', 0.002441), ('read', 0.002441), ('despit', 0.002441), ('made', 0.002441), ('form', 0.002441), ('ask', 0.002441), ('give', 0.002219), ('might', 0.002219), ('nasa', 0.002219), ('great', 0.002219), ('landform', 0.002219), ('ye', 0.002219), ('that', 0.002219), ('sport', 0.002219), ('popular', 0.002219), ('mean', 0.001997), ('work', 0.001997), ('much', 0.001997), ('program', 0.001997), ('particip', 0.001997), ('put', 0.001997), ('problem', 0.001997), ('mayb', 0.001997), ('stori', 0.001997), ('inform', 0.001997), ('let', 0.001997), ('facial', 0.001997)]"
18,Rebuttal,Adequate,"[('but', 0.041419), ('you', 0.023109), ('would', 0.021972), ('student', 0.021467), ('i', 0.017553), ('if', 0.015785), ('we', 0.013638), ('their', 0.013386), ('elector', 0.010229), ('help', 0.009597), ('should', 0.008966), ('will', 0.008082), ('think', 0.008082), ('learn', 0.00745), ('vote', 0.007072), ('howev', 0.006945), ('some', 0.006819), ('about', 0.006566), ('colleg', 0.00644), ('state', 0.006061), ('teacher', 0.005304), ('still', 0.005051), ('good', 0.004672), ('realli', 0.004546), ('it', 0.004546), ('say', 0.00442), ('may', 0.004293), ('presid', 0.004293), ('thing', 0.004167), ('onlin', 0.004167), ('doe', 0.004041), ('commun', 0.003788), ('which', 0.003662), ('project', 0.003536), ('life', 0.003536), ('these', 0.003536), ('feel', 0.003283), ('problem', 0.003283), ('those', 0.003157), ('nasa', 0.003157), ('phone', 0.003157), ('happen', 0.003157), ('chang', 0.003157), ('class', 0.003157), ('true', 0.003031), ('be', 0.002904), ('alway', 0.002904), ('veri', 0.002904), ('elect', 0.002904), ('dont', 0.002778), ('go', 0.002778), ('best', 0.002778), ('tri', 0.002652), ('look', 0.002652), ('much', 0.002652), ('wrong', 0.002652), ('believ', 0.002652), ('understand', 0.002526), ('well', 0.002526), ('voter', 0.002526), ('choos', 0.002399), ('while', 0.002399), ('bad', 0.002399), ('fact', 0.002399), ('like', 0.002273), ('reason', 0.002273), ('live', 0.002273), ('landform', 0.002273), ('mean', 0.002273), ('candid', 0.002273), ('school', 0.002147), ('might', 0.002147), ('kid', 0.002147), ('pay', 0.002147), ('he', 0.002147), ('everyon', 0.002147), ('alien', 0.002147), ('servic', 0.002147), ('fun', 0.00202), ('right', 0.00202), ('activ', 0.00202), ('design', 0.00202), ('put', 0.00202), ('anoth', 0.00202), ('popular', 0.00202), ('too', 0.001894), ('come', 0.001894), ('though', 0.001894), ('made', 0.001894), ('unfair', 0.001894), ('fair', 0.001894), ('human', 0.001768), ('car', 0.001768), ('let', 0.001768), ('give', 0.001768), ('got', 0.001768), ('use', 0.001768), ('distract', 0.001768), ('allow', 0.001768), ('tell', 0.001768)]"
19,Rebuttal,Effective,"[('student', 0.035093), ('their', 0.020685), ('but', 0.020399), ('would', 0.01612), ('will', 0.01612), ('project', 0.014979), ('if', 0.013695), ('you', 0.011698), ('howev', 0.010699), ('teacher', 0.009986), ('learn', 0.009843), ('elector', 0.009272), ('i', 0.007418), ('colleg', 0.006847), ('doe', 0.005991), ('should', 0.005991), ('about', 0.005849), ('help', 0.005849), ('we', 0.005421), ('assign', 0.005278), ('allow', 0.005278), ('state', 0.005278), ('vote', 0.005278), ('still', 0.005136), ('which', 0.004708), ('these', 0.004708), ('own', 0.004565), ('much', 0.004422), ('may', 0.004422), ('while', 0.004422), ('design', 0.00428), ('candid', 0.003994), ('elect', 0.003994), ('some', 0.003709), ('be', 0.003709), ('onlin', 0.003709), ('popular', 0.003566), ('topic', 0.003281), ('requir', 0.003138), ('year', 0.003138), ('true', 0.003138), ('activ', 0.003138), ('class', 0.003138), ('those', 0.003138), ('say', 0.002996), ('school', 0.002996), ('come', 0.002996), ('well', 0.002853), ('use', 0.002853), ('thing', 0.002853), ('put', 0.00271), ('everyon', 0.00271), ('idea', 0.00271), ('commun', 0.00271), ('presid', 0.00271), ('fact', 0.002568), ('think', 0.002568), ('educ', 0.002425), ('veri', 0.002425), ('break', 0.002425), ('he', 0.002425), ('opportun', 0.002282), ('tri', 0.002282), ('inform', 0.002282), ('distract', 0.002282), ('develop', 0.002282), ('through', 0.002282), ('choos', 0.00214), ('possibl', 0.00214), ('problem', 0.00214), ('life', 0.00214), ('skill', 0.00214), ('particip', 0.00214), ('kid', 0.00214), ('driver', 0.00214), ('need', 0.00214), ('voter', 0.00214), ('environ', 0.00214), ('mean', 0.001997), ('less', 0.001997), ('such', 0.001997), ('situat', 0.001997), ('wrong', 0.001997), ('social', 0.001997), ('good', 0.001854), ('alway', 0.001854), ('themselv', 0.001854), ('although', 0.001854), ('freedom', 0.001854), ('new', 0.001854), ('exampl', 0.001854), ('like', 0.001854), ('happen', 0.001854), ('right', 0.001854), ('servic', 0.001854), ('interest', 0.001712), ('benefit', 0.001712), ('feel', 0.001712), ('again', 0.001712), ('knowledg', 0.001712)]"
20,Rebuttal,Ineffective,"[('but', 0.052802), ('you', 0.035665), ('i', 0.02918), ('we', 0.019453), ('elector', 0.01899), ('if', 0.017601), ('would', 0.015285), ('think', 0.014358), ('colleg', 0.014358), ('presid', 0.013895), ('their', 0.012969), ('about', 0.011579), ('should', 0.01019), ('student', 0.0088), ('believ', 0.008337), ('vote', 0.008337), ('still', 0.007874), ('some', 0.007411), ('doe', 0.006948), ('will', 0.006948), ('thing', 0.006484), ('it', 0.006484), ('go', 0.006021), ('say', 0.005558), ('dont', 0.005558), ('good', 0.005558), ('elect', 0.005558), ('happen', 0.005095), ('right', 0.005095), ('chang', 0.005095), ('alien', 0.004632), ('everyon', 0.004632), ('help', 0.004632), ('phone', 0.004632), ('realli', 0.004632), ('much', 0.004632), ('popular', 0.004169), ('though', 0.003705), ('new', 0.003705), ('me', 0.003705), ('want', 0.003705), ('made', 0.003705), ('state', 0.003705), ('opinion', 0.003705), ('ever', 0.003242), ('mean', 0.003242), ('feel', 0.003242), ('own', 0.003242), ('might', 0.003242), ('tie', 0.003242), ('best', 0.003242), ('never', 0.002779), ('idea', 0.002779), ('actual', 0.002779), ('which', 0.002779), ('els', 0.002779), ('been', 0.002779), ('may', 0.002779), ('matter', 0.002779), ('unit', 0.002779), ('countri', 0.002779), ('repres', 0.002779), ('care', 0.002779), ('life', 0.002316), ('natur', 0.002316), ('tri', 0.002316), ('had', 0.002316), ('while', 0.002316), ('least', 0.002316), ('learn', 0.002316), ('said', 0.002316), ('done', 0.002316), ('he', 0.002316), ('show', 0.002316), ('major', 0.002316), ('wrong', 0.002316), ('reason', 0.002316), ('understand', 0.002316), ('choos', 0.002316), ('stuff', 0.002316), ('candid', 0.002316), ('that', 0.002316), ('voter', 0.002316), ('america', 0.002316), ('well', 0.001853), ('question', 0.001853), ('comput', 0.001853), ('real', 0.001853), ('befor', 0.001853), ('landform', 0.001853), ('bad', 0.001853), ('project', 0.001853), ('bring', 0.001853), ('veri', 0.001853), ('stay', 0.001853), ('commun', 0.001853), ('look', 0.001853), ('great', 0.001853), ('unless', 0.001853), ('noth', 0.001853)]"
